date,sunrise_local,sunset_local
2026-01-01,08:15,15:55
2026-01-02,08:14,15:56
2026-01-03,08:14,15:57
2026-01-04,08:14,15:59
2026-01-05,08:13,16:00
2026-01-06,08:13,16:01
2026-01-07,08:13,16:03
2026-01-08,08:12,16:04
2026-01-09,08:11,16:05
2026-01-10,08:11,16:07
2026-01-11,08:10,16:08
2026-01-12,08:09,16:10
2026-01-13,08:08,16:11
2026-01-14,08:08,16:13
2026-01-15,08:07,16:15
2026-01-16,08:06,16:16
2026-01-17,08:05,16:18
2026-01-18,08:04,16:20
2026-01-19,08:02,16:22
2026-01-20,08:01,16:23
2026-01-21,08:00,16:25
2026-01-22,07:59,16:27
2026-01-23,07:57,16:29
2026-01-24,07:56,16:31
2026-01-25,07:55,16:32
2026-01-26,07:53,16:34
2026-01-27,07:52,16:36
2026-01-28,07:50,16:38
2026-01-29,07:49,16:40
2026-01-30,07:47,16:42
2026-01-31,07:46,16:44
2026-02-01,07:44,16:46
2026-02-02,07:42,16:48
2026-02-03,07:40,16:50
2026-02-04,07:39,16:52
2026-02-05,07:37,16:54
2026-02-06,07:35,16:56
2026-02-07,07:33,16:58
2026-02-08,07:31,16:59
2026-02-09,07:29,17:01
2026-02-10,07:28,17:03
2026-02-11,07:26,17:05
2026-02-12,07:24,17:07
2026-02-13,07:22,17:09
2026-02-14,07:20,17:11
2026-02-15,07:18,17:13
2026-02-16,07:15,17:15
2026-02-17,07:13,17:17
2026-02-18,07:11,17:19
2026-02-19,07:09,17:21
2026-02-20,07:07,17:23
2026-02-21,07:05,17:25
2026-02-22,07:03,17:27
2026-02-23,07:00,17:29
2026-02-24,06:58,17:31
2026-02-25,06:56,17:33
2026-02-26,06:54,17:35
2026-02-27,06:51,17:37
2026-02-28,06:49,17:38
2026-03-01,06:47,17:40
2026-03-02,06:45,17:42
2026-03-03,06:42,17:44
2026-03-04,06:40,17:46
2026-03-05,06:38,17:48
2026-03-06,06:35,17:50
2026-03-07,06:33,17:52
2026-03-08,06:31,17:54
2026-03-09,06:28,17:55
2026-03-10,06:26,17:57
2026-03-11,06:23,17:59
2026-03-12,06:21,18:01
2026-03-13,06:19,18:03
2026-03-14,06:16,18:05
2026-03-15,06:14,18:07
2026-03-16,06:11,18:08
2026-03-17,06:09,18:10
2026-03-18,06:07,18:12
2026-03-19,06:04,18:14
2026-03-20,06:02,18:16
2026-03-21,05:59,18:18
2026-03-22,05:57,18:20
2026-03-23,05:54,18:21
2026-03-24,05:52,18:23
2026-03-25,05:50,18:25
2026-03-26,05:47,18:27
2026-03-27,05:45,18:29
2026-03-28,05:42,18:30
2026-03-29,06:40,19:32
2026-03-30,06:37,19:34
2026-03-31,06:35,19:36
2026-04-01,06:33,19:38
2026-04-02,06:30,19:40
2026-04-03,06:28,19:41
2026-04-04,06:25,19:43
2026-04-05,06:23,19:45
2026-04-06,06:21,19:47
2026-04-07,06:18,19:49
2026-04-08,06:16,19:51
2026-04-09,06:13,19:52
2026-04-10,06:11,19:54
2026-04-11,06:09,19:56
2026-04-12,06:06,19:58
2026-04-13,06:04,20:00
2026-04-14,06:02,20:01
2026-04-15,05:59,20:03
2026-04-16,05:57,20:05
2026-04-17,05:55,20:07
2026-04-18,05:53,20:09
2026-04-19,05:50,20:11
2026-04-20,05:48,20:12
2026-04-21,05:46,20:14
2026-04-22,05:44,20:16
2026-04-23,05:41,20:18
2026-04-24,05:39,20:20
2026-04-25,05:37,20:21
2026-04-26,05:35,20:23
2026-04-27,05:33,20:25
2026-04-28,05:31,20:27
2026-04-29,05:29,20:29
2026-04-30,05:27,20:31
2026-05-01,05:24,20:32
2026-05-02,05:22,20:34
2026-05-03,05:20,20:36
2026-05-04,05:18,20:38
2026-05-05,05:17,20:39
2026-05-06,05:15,20:41
2026-05-07,05:13,20:43
2026-05-08,05:11,20:45
2026-05-09,05:09,20:46
2026-05-10,05:07,20:48
2026-05-11,05:05,20:50
2026-05-12,05:04,20:52
2026-05-13,05:02,20:53
2026-05-14,05:00,20:55
2026-05-15,04:59,20:57
2026-05-16,04:57,20:58
2026-05-17,04:55,21:00
2026-05-18,04:54,21:02
2026-05-19,04:52,21:03
2026-05-20,04:51,21:05
2026-05-21,04:50,21:06
2026-05-22,04:48,21:08
2026-05-23,04:47,21:09
2026-05-24,04:46,21:11
2026-05-25,04:44,21:12
2026-05-26,04:43,21:14
2026-05-27,04:42,21:15
2026-05-28,04:41,21:16
2026-05-29,04:40,21:18
2026-05-30,04:39,21:19
2026-05-31,04:38,21:20
2026-06-01,04:37,21:21
2026-06-02,04:36,21:23
2026-06-03,04:35,21:24
2026-06-04,04:34,21:25
2026-06-05,04:34,21:26
2026-06-06,04:33,21:27
2026-06-07,04:32,21:28
2026-06-08,04:32,21:29
2026-06-09,04:31,21:30
2026-06-10,04:31,21:30
2026-06-11,04:31,21:31
2026-06-12,04:30,21:32
2026-06-13,04:30,21:33
2026-06-14,04:30,21:33
2026-06-15,04:30,21:34
2026-06-16,04:30,21:34
2026-06-17,04:30,21:35
2026-06-18,04:30,21:35
2026-06-19,04:30,21:36
2026-06-20,04:30,21:36
2026-06-21,04:30,21:36
2026-06-22,04:30,21:36
2026-06-23,04:31,21:36
2026-06-24,04:31,21:37
2026-06-25,04:31,21:37
2026-06-26,04:32,21:36
2026-06-27,04:32,21:36
2026-06-28,04:33,21:36
2026-06-29,04:34,21:36
2026-06-30,04:34,21:36
2026-07-01,04:35,21:35
2026-07-02,04:36,21:35
2026-07-03,04:37,21:35
2026-07-04,04:37,21:34
2026-07-05,04:38,21:33
2026-07-06,04:39,21:33
2026-07-07,04:40,21:32
2026-07-08,04:41,21:31
2026-07-09,04:42,21:31
2026-07-10,04:44,21:30
2026-07-11,04:45,21:29
2026-07-12,04:46,21:28
2026-07-13,04:47,21:27
2026-07-14,04:48,21:26
2026-07-15,04:50,21:25
2026-07-16,04:51,21:24
2026-07-17,04:52,21:23
2026-07-18,04:54,21:21
2026-07-19,04:55,21:20
2026-07-20,04:57,21:19
2026-07-21,04:58,21:17
2026-07-22,05:00,21:16
2026-07-23,05:01,21:15
2026-07-24,05:03,21:13
2026-07-25,05:04,21:12
2026-07-26,05:06,21:10
2026-07-27,05:07,21:08
2026-07-28,05:09,21:07
2026-07-29,05:11,21:05
2026-07-30,05:12,21:03
2026-07-31,05:14,21:02
2026-08-01,05:15,21:00
2026-08-02,05:17,20:58
2026-08-03,05:19,20:56
2026-08-04,05:20,20:54
2026-08-05,05:22,20:52
2026-08-06,05:24,20:51
2026-08-07,05:26,20:49
2026-08-08,05:27,20:47
2026-08-09,05:29,20:45
2026-08-10,05:31,20:43
2026-08-11,05:32,20:41
2026-08-12,05:34,20:39
2026-08-13,05:36,20:36
2026-08-14,05:38,20:34
2026-08-15,05:39,20:32
2026-08-16,05:41,20:30
2026-08-17,05:43,20:28
2026-08-18,05:45,20:26
2026-08-19,05:46,20:24
2026-08-20,05:48,20:21
2026-08-21,05:50,20:19
2026-08-22,05:52,20:17
2026-08-23,05:53,20:15
2026-08-24,05:55,20:12
2026-08-25,05:57,20:10
2026-08-26,05:59,20:08
2026-08-27,06:00,20:05
2026-08-28,06:02,20:03
2026-08-29,06:04,20:01
2026-08-30,06:06,19:58
2026-08-31,06:07,19:56
2026-09-01,06:09,19:54
2026-09-02,06:11,19:51
2026-09-03,06:12,19:49
2026-09-04,06:14,19:46
2026-09-05,06:16,19:44
2026-09-06,06:18,19:42
2026-09-07,06:19,19:39
2026-09-08,06:21,19:37
2026-09-09,06:23,19:34
2026-09-10,06:25,19:32
2026-09-11,06:26,19:29
2026-09-12,06:28,19:27
2026-09-13,06:30,19:25
2026-09-14,06:32,19:22
2026-09-15,06:33,19:20
2026-09-16,06:35,19:17
2026-09-17,06:37,19:15
2026-09-18,06:39,19:12
2026-09-19,06:40,19:10
2026-09-20,06:42,19:07
2026-09-21,06:44,19:05
2026-09-22,06:45,19:03
2026-09-23,06:47,19:00
2026-09-24,06:49,18:58
2026-09-25,06:51,18:55
2026-09-26,06:52,18:53
2026-09-27,06:54,18:50
2026-09-28,06:56,18:48
2026-09-29,06:58,18:45
2026-09-30,07:00,18:43
2026-10-01,07:01,18:41
2026-10-02,07:03,18:38
2026-10-03,07:05,18:36
2026-10-04,07:07,18:33
2026-10-05,07:08,18:31
2026-10-06,07:10,18:29
2026-10-07,07:12,18:26
2026-10-08,07:14,18:24
2026-10-09,07:16,18:21
2026-10-10,07:17,18:19
2026-10-11,07:19,18:17
2026-10-12,07:21,18:14
2026-10-13,07:23,18:12
2026-10-14,07:25,18:10
2026-10-15,07:27,18:08
2026-10-16,07:28,18:05
2026-10-17,07:30,18:03
2026-10-18,07:32,18:01
2026-10-19,07:34,17:59
2026-10-20,07:36,17:56
2026-10-21,07:38,17:54
2026-10-22,07:40,17:52
2026-10-23,07:41,17:50
2026-10-24,07:43,17:48
2026-10-25,06:45,16:46
2026-10-26,06:47,16:43
2026-10-27,06:49,16:41
2026-10-28,06:51,16:39
2026-10-29,06:53,16:37
2026-10-30,06:55,16:35
2026-10-31,06:57,16:33
2026-11-01,06:58,16:31
2026-11-02,07:00,16:29
2026-11-03,07:02,16:27
2026-11-04,07:04,16:26
2026-11-05,07:06,16:24
2026-11-06,07:08,16:22
2026-11-07,07:10,16:20
2026-11-08,07:12,16:18
2026-11-09,07:14,16:17
2026-11-10,07:15,16:15
2026-11-11,07:17,16:13
2026-11-12,07:19,16:12
2026-11-13,07:21,16:10
2026-11-14,07:23,16:09
2026-11-15,07:25,16:07
2026-11-16,07:27,16:06
2026-11-17,07:28,16:04
2026-11-18,07:30,16:03
2026-11-19,07:32,16:01
2026-11-20,07:34,16:00
2026-11-21,07:35,15:59
2026-11-22,07:37,15:58
2026-11-23,07:39,15:56
2026-11-24,07:41,15:55
2026-11-25,07:42,15:54
2026-11-26,07:44,15:53
2026-11-27,07:46,15:52
2026-11-28,07:47,15:51
2026-11-29,07:49,15:50
2026-11-30,07:50,15:50
2026-12-01,07:52,15:49
2026-12-02,07:53,15:48
2026-12-03,07:55,15:48
2026-12-04,07:56,15:47
2026-12-05,07:57,15:46
2026-12-06,07:59,15:46
2026-12-07,08:00,15:46
2026-12-08,08:01,15:45
2026-12-09,08:02,15:45
2026-12-10,08:03,15:45
2026-12-11,08:05,15:44
2026-12-12,08:06,15:44
2026-12-13,08:07,15:44
2026-12-14,08:07,15:44
2026-12-15,08:08,15:44
2026-12-16,08:09,15:45
2026-12-17,08:10,15:45
2026-12-18,08:11,15:45
2026-12-19,08:11,15:45
2026-12-20,08:12,15:46
2026-12-21,08:13,15:46
2026-12-22,08:13,15:47
2026-12-23,08:13,15:47
2026-12-24,08:14,15:48
2026-12-25,08:14,15:49
2026-12-26,08:14,15:49
2026-12-27,08:15,15:50
2026-12-28,08:15,15:51
2026-12-29,08:15,15:52
2026-12-30,08:15,15:53
2026-12-31,08:15,15:54
